t_s,x_m,z_m
0.0000,0.0000,0.0000
0.0100,0.2825,0.2819
0.0200,0.5642,0.5620
0.0300,0.8453,0.8402
0.0400,1.1256,1.1166
0.0500,1.4052,1.3911
0.0600,1.6842,1.6638
0.0700,1.9624,1.9348
0.0800,2.2399,2.2039
0.0900,2.5168,2.4713
0.1000,2.7930,2.7368
0.1100,3.0685,3.0006
0.1200,3.3434,3.2627
0.1300,3.6175,3.5230
0.1400,3.8911,3.7815
0.1500,4.1640,4.0384
0.1600,4.4362,4.2935
0.1700,4.7078,4.5469
0.1800,4.9788,4.7985
0.1900,5.2491,5.0485
0.2000,5.5188,5.2968
0.2100,5.7879,5.5434
0.2200,6.0564,5.7884
0.2300,6.3243,6.0317
0.2400,6.5915,6.2733
0.2500,6.8582,6.5133
0.2600,7.1243,6.7516
0.2700,7.3897,6.9883
0.2800,7.6546,7.2234
0.2900,7.9189,7.4569
0.3000,8.1827,7.6888
0.3100,8.4458,7.9190
0.3200,8.7084,8.1477
0.3300,8.9704,8.3748
0.3400,9.2319,8.6003
0.3500,9.4928,8.8242
0.3600,9.7532,9.0466
0.3700,10.0130,9.2674
0.3800,10.2722,9.4866
0.3900,10.5310,9.7043
0.4000,10.7892,9.9205
0.4100,11.0468,10.1351
0.4200,11.3039,10.3482
0.4300,11.5605,10.5598
0.4400,11.8166,10.7699
0.4500,12.0722,10.9785
0.4600,12.3273,11.1855
0.4700,12.5818,11.3911
0.4800,12.8359,11.5952
0.4900,13.0894,11.7978
0.5000,13.3424,11.9990
0.5100,13.5950,12.1986
0.5200,13.8471,12.3968
0.5300,14.0986,12.5936
0.5400,14.3497,12.7889
0.5500,14.6003,12.9827
0.5600,14.8505,13.1752
0.5700,15.1001,13.3661
0.5800,15.3493,13.5557
0.5900,15.5981,13.7438
0.6000,15.8463,13.9305
0.6100,16.0941,14.1158
0.6200,16.3415,14.2997
0.6300,16.5884,14.4822
0.6400,16.8348,14.6633
0.6500,17.0808,14.8430
0.6600,17.3264,15.0213
0.6700,17.5715,15.1982
0.6800,17.8162,15.3738
0.6900,18.0604,15.5480
0.7000,18.3043,15.7208
0.7100,18.5476,15.8922
0.7200,18.7906,16.0623
0.7300,19.0331,16.2311
0.7400,19.2753,16.3985
0.7500,19.5170,16.5645
0.7600,19.7583,16.7292
0.7700,19.9991,16.8926
0.7800,20.2396,17.0547
0.7900,20.4797,17.2154
0.8000,20.7193,17.3748
0.8100,20.9586,17.5329
0.8200,21.1975,17.6897
0.8300,21.4359,17.8451
0.8400,21.6740,17.9993
0.8500,21.9117,18.1522
0.8600,22.1490,18.3038
0.8700,22.3859,18.4540
0.8800,22.6225,18.6030
0.8900,22.8586,18.7508
0.9000,23.0944,18.8972
0.9100,23.3298,19.0424
0.9200,23.5648,19.1862
0.9300,23.7995,19.3289
0.9400,24.0338,19.4702
0.9500,24.2678,19.6103
0.9600,24.5013,19.7492
0.9700,24.7345,19.8868
0.9800,24.9674,20.0231
0.9900,25.1999,20.1582
1.0000,25.4320,20.2921
1.0100,25.6638,20.4247
1.0200,25.8953,20.5561
1.0300,26.1264,20.6862
1.0400,26.3572,20.8152
1.0500,26.5876,20.9429
1.0600,26.8177,21.0694
1.0700,27.0474,21.1946
1.0800,27.2768,21.3187
1.0900,27.5059,21.4415
1.1000,27.7346,21.5632
1.1100,27.9630,21.6836
1.1200,28.1911,21.8028
1.1300,28.4189,21.9209
1.1400,28.6463,22.0377
1.1500,28.8735,22.1533
1.1600,29.1003,22.2678
1.1700,29.3267,22.3811
1.1800,29.5529,22.4932
1.1900,29.7788,22.6041
1.2000,30.0043,22.7138
1.2100,30.2295,22.8224
1.2200,30.4545,22.9298
1.2300,30.6791,23.0360
1.2400,30.9034,23.1411
1.2500,31.1274,23.2450
1.2600,31.3511,23.3477
1.2700,31.5746,23.4493
1.2800,31.7977,23.5497
1.2900,32.0205,23.6490
1.3000,32.2430,23.7471
1.3100,32.4653,23.8441
1.3200,32.6872,23.9399
1.3300,32.9089,24.0346
1.3400,33.1303,24.1282
1.3500,33.3513,24.2206
1.3600,33.5722,24.3119
1.3700,33.7927,24.4021
1.3800,34.0129,24.4911
1.3900,34.2329,24.5790
1.4000,34.4526,24.6658
1.4100,34.6720,24.7514
1.4200,34.8911,24.8360
1.4300,35.1100,24.9194
1.4400,35.3286,25.0017
1.4500,35.5469,25.0829
1.4600,35.7650,25.1630
1.4700,35.9828,25.2420
1.4800,36.2003,25.3199
1.4900,36.4176,25.3966
1.5000,36.6346,25.4723
1.5100,36.8513,25.5469
1.5200,37.0678,25.6204
1.5300,37.2840,25.6928
1.5400,37.5000,25.7641
1.5500,37.7157,25.8343
1.5600,37.9312,25.9034
1.5700,38.1464,25.9714
1.5800,38.3613,26.0384
1.5900,38.5760,26.1042
1.6000,38.7905,26.1690
1.6100,39.0047,26.2327
1.6200,39.2187,26.2954
1.6300,39.4324,26.3569
1.6400,39.6459,26.4174
1.6500,39.8591,26.4768
1.6600,40.0721,26.5352
1.6700,40.2848,26.5924
1.6800,40.4973,26.6487
1.6900,40.7096,26.7038
1.7000,40.9216,26.7579
1.7100,41.1334,26.8109
1.7200,41.3450,26.8629
1.7300,41.5563,26.9138
1.7400,41.7674,26.9637
1.7500,41.9783,27.0125
1.7600,42.1889,27.0603
1.7700,42.3993,27.1070
1.7800,42.6095,27.1527
1.7900,42.8195,27.1973
1.8000,43.0292,27.2409
1.8100,43.2387,27.2834
1.8200,43.4480,27.3249
1.8300,43.6570,27.3654
1.8400,43.8659,27.4048
1.8500,44.0745,27.4432
1.8600,44.2829,27.4806
1.8700,44.4910,27.5169
1.8800,44.6990,27.5522
1.8900,44.9067,27.5864
1.9000,45.1142,27.6197
1.9100,45.3215,27.6519
1.9200,45.5286,27.6831
1.9300,45.7355,27.7132
1.9400,45.9421,27.7424
1.9500,46.1486,27.7705
1.9600,46.3548,27.7976
1.9700,46.5608,27.8237
1.9800,46.7666,27.8488
1.9900,46.9722,27.8728
2.0000,47.1776,27.8959
2.0100,47.3828,27.9179
2.0200,47.5878,27.9389
2.0300,47.7925,27.9589
2.0400,47.9971,27.9780
2.0500,48.2015,27.9960
2.0600,48.4056,28.0130
2.0700,48.6096,28.0289
2.0800,48.8133,28.0439
2.0900,49.0169,28.0579
2.1000,49.2202,28.0709
2.1100,49.4233,28.0829
2.1200,49.6263,28.0939
2.1300,49.8290,28.1039
2.1400,50.0316,28.1130
2.1500,50.2339,28.1210
2.1600,50.4360,28.1280
2.1700,50.6380,28.1340
2.1800,50.8397,28.1391
2.1900,51.0413,28.1432
2.2000,51.2426,28.1462
2.2100,51.4438,28.1483
2.2200,51.6448,28.1495
2.2300,51.8455,28.1496
2.2400,52.0461,28.1487
2.2500,52.2465,28.1469
2.2600,52.4467,28.1441
2.2700,52.6467,28.1403
2.2800,52.8465,28.1356
2.2900,53.0461,28.1298
2.3000,53.2456,28.1231
2.3100,53.4448,28.1154
2.3200,53.6438,28.1068
2.3300,53.8427,28.0972
2.3400,54.0414,28.0866
2.3500,54.2398,28.0750
2.3600,54.4381,28.0625
2.3700,54.6362,28.0490
2.3800,54.8341,28.0346
2.3900,55.0319,28.0192
2.4000,55.2294,28.0028
2.4100,55.4267,27.9855
2.4200,55.6239,27.9672
2.4300,55.8209,27.9480
2.4400,56.0177,27.9278
2.4500,56.2143,27.9066
2.4600,56.4107,27.8845
2.4700,56.6069,27.8614
2.4800,56.8030,27.8374
2.4900,56.9989,27.8125
2.5000,57.1945,27.7865
2.5100,57.3900,27.7597
2.5200,57.5853,27.7319
2.5300,57.7805,27.7031
2.5400,57.9754,27.6734
2.5500,58.1702,27.6428
2.5600,58.3648,27.6112
2.5700,58.5592,27.5787
2.5800,58.7534,27.5452
2.5900,58.9474,27.5108
2.6000,59.1413,27.4755
2.6100,59.3349,27.4392
2.6200,59.5284,27.4020
2.6300,59.7217,27.3639
2.6400,59.9149,27.3248
2.6500,60.1078,27.2848
2.6600,60.3006,27.2439
2.6700,60.4932,27.2020
2.6800,60.6856,27.1592
2.6900,60.8778,27.1155
2.7000,61.0698,27.0709
2.7100,61.2617,27.0253
2.7200,61.4534,26.9788
2.7300,61.6449,26.9314
2.7400,61.8362,26.8831
2.7500,62.0273,26.8339
2.7600,62.2183,26.7837
2.7700,62.4091,26.7326
2.7800,62.5997,26.6806
2.7900,62.7901,26.6277
2.8000,62.9803,26.5739
2.8100,63.1704,26.5192
2.8200,63.3603,26.4635
2.8300,63.5500,26.4070
2.8400,63.7395,26.3495
2.8500,63.9288,26.2912
2.8600,64.1180,26.2319
2.8700,64.3070,26.1717
2.8800,64.4958,26.1107
2.8900,64.6844,26.0487
2.9000,64.8728,25.9858
2.9100,65.0611,25.9220
2.9200,65.2492,25.8574
2.9300,65.4371,25.7918
2.9400,65.6248,25.7253
2.9500,65.8123,25.6580
2.9600,65.9997,25.5897
2.9700,66.1869,25.5206
2.9800,66.3739,25.4506
2.9900,66.5607,25.3796
3.0000,66.7473,25.3078
3.0100,66.9338,25.2351
3.0200,67.1201,25.1616
3.0300,67.3062,25.0871
3.0400,67.4921,25.0118
3.0500,67.6779,24.9355
3.0600,67.8634,24.8584
3.0700,68.0488,24.7805
3.0800,68.2340,24.7016
3.0900,68.4190,24.6219
3.1000,68.6039,24.5413
3.1100,68.7885,24.4598
3.1200,68.9730,24.3775
3.1300,69.1573,24.2943
3.1400,69.3414,24.2102
3.1500,69.5253,24.1252
3.1600,69.7091,24.0394
3.1700,69.8927,23.9527
3.1800,70.0760,23.8652
3.1900,70.2592,23.7768
3.2000,70.4423,23.6875
3.2100,70.6251,23.5974
3.2200,70.8078,23.5064
3.2300,70.9903,23.4146
3.2400,71.1725,23.3219
3.2500,71.3547,23.2284
3.2600,71.5366,23.1340
3.2700,71.7183,23.0388
3.2800,71.8999,22.9427
3.2900,72.0813,22.8457
3.3000,72.2625,22.7480
3.3100,72.4435,22.6493
3.3200,72.6243,22.5499
3.3300,72.8050,22.4496
3.3400,72.9854,22.3484
3.3500,73.1657,22.2464
3.3600,73.3458,22.1436
3.3700,73.5257,22.0400
3.3800,73.7055,21.9355
3.3900,73.8850,21.8302
3.4000,74.0644,21.7240
3.4100,74.2435,21.6171
3.4200,74.4225,21.5093
3.4300,74.6013,21.4006
3.4400,74.7799,21.2912
3.4500,74.9584,21.1809
3.4600,75.1366,21.0698
3.4700,75.3147,20.9579
3.4800,75.4925,20.8452
3.4900,75.6702,20.7316
3.5000,75.8477,20.6172
3.5100,76.0250,20.5021
3.5200,76.2022,20.3861
3.5300,76.3791,20.2693
3.5400,76.5559,20.1517
3.5500,76.7324,20.0333
3.5600,76.9088,19.9141
3.5700,77.0850,19.7940
3.5800,77.2610,19.6732
3.5900,77.4368,19.5516
3.6000,77.6125,19.4292
3.6100,77.7879,19.3060
3.6200,77.9631,19.1819
3.6300,78.1382,19.0571
3.6400,78.3131,18.9315
3.6500,78.4878,18.8052
3.6600,78.6623,18.6780
3.6700,78.8366,18.5500
3.6800,79.0107,18.4213
3.6900,79.1846,18.2917
3.7000,79.3584,18.1614
3.7100,79.5319,18.0303
3.7200,79.7053,17.8985
3.7300,79.8784,17.7658
3.7400,80.0514,17.6324
3.7500,80.2242,17.4982
3.7600,80.3968,17.3632
3.7700,80.5692,17.2275
3.7800,80.7414,17.0910
3.7900,80.9134,16.9537
3.8000,81.0853,16.8156
3.8100,81.2569,16.6768
3.8200,81.4283,16.5373
3.8300,81.5996,16.3970
3.8400,81.7707,16.2559
3.8500,81.9415,16.1140
3.8600,82.1122,15.9714
3.8700,82.2827,15.8281
3.8800,82.4530,15.6840
3.8900,82.6231,15.5392
3.9000,82.7930,15.3936
3.9100,82.9627,15.2472
3.9200,83.1322,15.1001
3.9300,83.3016,14.9523
3.9400,83.4707,14.8038
3.9500,83.6396,14.6545
3.9600,83.8084,14.5044
3.9700,83.9769,14.3536
3.9800,84.1453,14.2021
3.9900,84.3135,14.0499
4.0000,84.4814,13.8969
4.0100,84.6492,13.7432
4.0200,84.8168,13.5888
4.0300,84.9842,13.4337
4.0400,85.1514,13.2778
4.0500,85.3184,13.1212
4.0600,85.4852,12.9639
4.0700,85.6518,12.8059
4.0800,85.8182,12.6471
4.0900,85.9844,12.4877
4.1000,86.1504,12.3275
4.1100,86.3162,12.1666
4.1200,86.4818,12.0051
4.1300,86.6473,11.8428
4.1400,86.8125,11.6798
4.1500,86.9775,11.5161
4.1600,87.1424,11.3517
4.1700,87.3070,11.1866
4.1800,87.4715,11.0208
4.1900,87.6357,10.8543
4.2000,87.7998,10.6871
4.2100,87.9636,10.5193
4.2200,88.1273,10.3507
4.2300,88.2907,10.1815
4.2400,88.4540,10.0115
4.2500,88.6171,9.8409
4.2600,88.7799,9.6696
4.2700,88.9426,9.4976
4.2800,89.1051,9.3250
4.2900,89.2673,9.1516
4.3000,89.4294,8.9776
4.3100,89.5913,8.8030
4.3200,89.7530,8.6276
4.3300,89.9144,8.4516
4.3400,90.0757,8.2749
4.3500,90.2368,8.0976
4.3600,90.3977,7.9195
4.3700,90.5584,7.7409
4.3800,90.7189,7.5615
4.3900,90.8792,7.3815
4.4000,91.0393,7.2009
4.4100,91.1991,7.0196
4.4200,91.3588,6.8376
4.4300,91.5183,6.6550
4.4400,91.6776,6.4718
4.4500,91.8367,6.2879
4.4600,91.9956,6.1033
4.4700,92.1543,5.9182
4.4800,92.3128,5.7323
4.4900,92.4711,5.5459
4.5000,92.6292,5.3588
4.5100,92.7871,5.1710
4.5200,92.9448,4.9827
4.5300,93.1023,4.7937
4.5400,93.2596,4.6040
4.5500,93.4167,4.4138
4.5600,93.5736,4.2229
4.5700,93.7303,4.0314
4.5800,93.8868,3.8393
4.5900,94.0431,3.6465
4.6000,94.1992,3.4532
4.6100,94.3551,3.2592
4.6200,94.5108,3.0646
4.6300,94.6663,2.8694
4.6400,94.8216,2.6736
4.6500,94.9767,2.4772
4.6600,95.1316,2.2801
4.6700,95.2863,2.0825
4.6800,95.4408,1.8843
4.6900,95.5951,1.6854
4.7000,95.7492,1.4860
4.7100,95.9032,1.2859
4.7200,96.0569,1.0853
4.7300,96.2104,0.8841
4.7400,96.3637,0.6823
4.7500,96.5168,0.4799
4.7600,96.6697,0.2769
4.7700,96.8224,0.0733
4.7736,96.8771,0.0000
